statute_name,nature_of_dues,amount_cr,period_to_which_relates,due_date,payment_date,status,days_overdue_as_of_mar31,exceeds_6_months
Employees Provident Funds Act 1952,Provident Fund,38.45,FY 2023-24 (March 2024),2024-04-15,2024-04-12,Paid within due date,0,No
Employees State Insurance Act 1948,ESIC Contribution,4.12,FY 2023-24 (March 2024),2024-04-15,2024-04-14,Paid within due date,0,No
Central Goods and Services Tax Act 2017,CGST & SGST Output Tax,312.40,FY 2023-24 (March 2024),2024-04-20,2024-04-19,Paid within due date,0,No
Integrated Goods and Services Tax Act 2017,IGST Output Tax,485.60,FY 2023-24 (March 2024),2024-04-20,2024-04-19,Paid within due date,0,No
Income Tax Act 1961,TDS Withholding Tax,58.20,FY 2023-24 (March 2024),2024-04-07,2024-04-05,Paid within due date,0,No
Income Tax Act 1961,Advance Tax Installment 4,320.00,FY 2023-24 (Q4),2024-03-15,2024-03-14,Paid within due date,0,No
Customs Act 1962,Customs Import Duty,84.10,FY 2023-24 (March 2024),2024-03-31,2024-03-30,Paid within due date,0,No
Maharashtra Municipal Corporations Act,Local Municipal Property Cess,2.45,FY 2022-23 (H2),2023-09-15,Unpaid,Arrears pending assessment appeal,198,Yes
Jharkhand Municipal Act,Local Area Property Tax,0.85,FY 2023-24 (Q1),2023-08-31,Unpaid,Arrears under civic re-measurement,213,Yes
